В каких электроустановках диэлектрические перчатки применяются в качестве дополнительного изолирующего электрозащитного средства?;В электроустановках до 1000 В@False;В электроустановках свыше 1000 В@True;Во всех электроустановках они используются в качестве основного изолирующего средства@False;Во всех электроустановках они используются в качестве дополнительного изолирующего средства@False
В каких электроустановках диэлектрические перчатки применяются в качестве основного изолирующего электрозащитного средства?;В электроустановках до 1000 В@True;В электроустановках свыше 1000 В@False;Во всех электроустановках они используются в качестве основного изолирующего средства@False;Во всех электроустановках они используются в качестве дополнительного изолирующего средства@False
В каких электроустановках могут выполняться работы в порядке текущей эксплуатации?;В электроустановках напряжением до 1000 В@True;В электроустановках напряжением до и выше 1000 В@False;В любых электроустановках@False
В каких электроустановках можно использовать контрольные лампы в качестве указателей напряжения?;В электроустановках напряжением не выше 380 В@False;В электроустановках напряжением не выше 220 В@False;В электроустановках напряжением не выше 1000 В@False;Применение контрольных ламп запрещается@True
В каких электроустановках при пользовании указателем напряжения необходимо надевать диэлектрические перчатки?;В электроустановках напряжением выше 380 В@False;В электроустановках напряжением до 1000 В@False;В электроустановках напряжением выше 1000 В@True
В каких электроустановках применяют диэлектрические боты?;В электроустановках напряжением до 1000 В@False;В электроустановках напряжением свыше 1000 В@False;В электроустановках напряжением до 10000 В@False;Во всех электроустановках@True
В каких электроустановках применяют диэлектрические галоши?;В электроустановках напряжением до 1000 В@True;В электроустановках напряжением свыше 1000 В@False;В электроустановках напряжением до 10000 В@False;Во всех электроустановках@False
В каких электроустановках применяются указатели напряжения для проверки совпадения фаз?;В электроустановках напряжением до 1000 В@False;В электроустановках напряжением от 1 кВ до 32 кВ@False;В электроустановках напряжением от 6 до 110 кВ@True;В электроустановках напряжением от 10 до 220 кВ@False
В какой последовательности необходимо выполнять технические мероприятия, обеспечивающие безопасность работ со снятием напряжения?;Произвести необходимые отключения, проверить отсутствие напряжения на токоведущих частях, установить заземление, вывесить запрещающие и указательные плакаты@False;Вывесить запрещающие и указательные плакаты, произвести необходимые отключения, проверить отсутствие напряжения на токоведущих частях, установить заземление@False;Произвести необходимые отключения, вывесить запрещающие плакаты, проверить отсутствие напряжения на токоведущих частях, установить заземление, вывесить указательные плакаты@True;Произвести необходимые отключения, вывесить запрещающие и указательные плакаты, установить заземление, проверить отсутствие напряжения на токоведущих частях@False
В какой последовательности необходимо начать оказывать первую доврачебную помощь пострадавшим от действия электрического тока в случае, если он без сознания, но пульс на сонной артерии есть?;Повернуть на живот, очистить полость рта, убедиться в наличии пульса, наложить на раны повязки и шины, если нужно@False;Убедиться в наличии пульса, повернуть на живот, очистить полость рта, приложить холод к голове, наложить на раны повязки и шины, если нужно и вызвать скорую помощь@True;Убедиться в наличии пульса, приложить холод к голове и вызвать скорую помощь@False;Убедиться в наличии пульса, приложить холод к голове, повернуть на живот, очистить полость рта, наложить на раны повязки и шины, если нужно и вызвать скорую помощь@False
В какой цвет должны быть окрашены искусственные заземлители?;В черный@False;В синий@False;В зеленый с желтыми полосками@False;Они не должны иметь окраски@True
В какой цвет должны быть окрашены открыто проложенные заземляющие проводники?;В синий цвет@False;В черный цвет@True;В зеленый цвет@False;В белый цвет@False;В красный цвет@False
"В каком максимальном радиусе от места касания земли электрическим проводом можно попасть под ""шаговое"" напряжение?";Непосредственно в месте касания земли@False;В радиусе 5 м от места касания@False;В радиусе 8 м от места касания@True;В радиусе 2 м от места касания@False
В каком случае электродвигатели должны быть немедленно отключены от питающей сети?;При появлении дыма или первых признаках появления огня@False;При поломке приводного механизма@False;При нагреве подшипников сверх установленной температуры@False;При несчастном случае с персоналом@False;В любом из перечисленных случаев@True
В каком случае элемент заземлителя должен быть заменен?;Если разрушено более 90 % его сечения@False;Если разрушено более 80 % его сечения@False;Если разрушено более 70 % его сечения@False;Если разрушено более 60 % его сечения@False;Если разрушено более 50 % его сечения@True
В течение какого срока со дня последней проверки знаний работники, получившие неудовлетворительную оценку, могут пройти повторную проверку знаний?;Не позднее 1 недели со дня последней проверки@False;Не позднее 2 недель со дня последней проверки@False;Не позднее 3 недель со дня последней проверки@False;Не позднее 1 месяца со дня последней проверки@True;Не позднее 3 месяцев со дня последней проверки@False
В течении какого времени должен обеспечиваться непосредственный контакт указателя напряжения с контролируемыми токоведущими частями при проверке отсутствия напряжения в электроустановках напряжением до 1000 В?;Не менее 1 с@False;Не менее 3 с@False;Не менее 5 с@True;Не менее 8 с@False;Не менее 10 с@False
В течении какого срока должна проводиться стажировка электротехнического персонала на рабочем месте до назначения на самостоятельную работу?;От 1 до 5 смен@False;От 2 до 4 смен@False;От 2 до 10 смен@False;От 2 до 14 смен@True;От 5 до 15 смен@False
В течении какого срока проводится дублирование перед допуском электротехнического персонала к самостоятельной работе?;От 1 до 5 смен@False;От 2 до 4 смен@False;От 2 до 12 смен@True;От 2 до 14 смен@False;От 5 до 15 смен@False
В течении какого срока проводится комплексное опробование основного и вспомогательного оборудования электроустановки перед приемкой в эксплуатацию?;В течении 24 часов@False;В течении 48 часов@False;В течении 72 часов@True;В течении 120 часов@False
В течении какого срока проводится комплексное опробование работы линии электропередачи перед приемкой в эксплуатацию?;В течении 24 часов@True;В течении 48 часов@False;В течении 72 часов@False;В течении 120 часов@False
Для чего предназначены защитные каски?;Для защиты головы работающего от механических повреждений@False;Для защиты головы работающего от воды и агрессивных жидкостей@False;Для защиты головы работающего от поражения электрическим током при случайном касании токоведущих частей, находящихся под напряжением до 1000 В@False;Для защиты от всего перечисленного@True
Для чего предназначены электроизмерительные клещи?;Для измерения тока в цепях напряжением до 10 кВ@False;Для измерения тока в электроустановках до 1000 В@False;Для измерения напряжения и мощности до 1 кВ@False;Для проведения любого из перечисленных измерений@True
За что несут персональную ответственность работники, непосредственно обслуживающие электроустановки?;За несвоевременное и неудовлетворительное техническое обслуживание электроустановок@False;За нарушения, происшедшие по их вине, а также за неправильную ликвидацию ими нарушений в работе электроустановок на обслуживаемом участке@True;За невыполнение требований должностной инструкции@False;За нарушения в эксплуатации электротехнологического оборудования@False
За что несут персональную ответственность работники, проводящие ремонт электроустановки?;За несвоевременное и неудовлетворительное техническое обслуживание электроустановок@False;За нарушения, происшедшие по их вине, а также за неправильную ликвидацию ими нарушений в работе электроустановок на обслуживаемом участке@False;За нарушения в работе, вызванные низким качеством ремонта@True;За нарушения в эксплуатации электротехнологического оборудования@False
За что отвечает наблюдающий в электроустановках?;За осуществление постоянного контроля за членами бригады@False;За качественный и количественный состав бригады@False;За правильный допуск к работе@False;За безопасность членов бригады в отношении поражения электрическим током электроустановки@True;За все перечисленное@False
Из какого материала должны изготавливаться искусственные заземлители?;Из черной или оцинкованной стали или меди@True;Из меди и алюминия@False;Из стали, меди и алюминия@False;Из оцинкованной стали и алюминия@False
"К какому виду плакатов безопасности относится плакат с надписью ""Заземлено""?";К запрещающим@False;К предупреждающим@False;К предписывающим@False;К указательным@True
"К какому виду плакатов безопасности относится плакат с надписью ""Осторожно! Электрическое напряжение""?";К запрещающим@False;К предупреждающим@True;К предписывающим@False;К указательным@False
Как делятся электроустановки по условиям электробезопасности?;Электроустановки напряжением до 1000 В и выше 1000 В@True;Электроустановки напряжением до 10 кВ и выше 10 кВ@False;Электроустановки напряжением до 380 В и выше 380 В@False;Электроустановки напряжением до 1000 В и выше 10000 В@False
Как классифицируются помещения в отношении опасности поражения людей электрическим током?;Помещения без повышенной опасности, помещения с повышенной опасностью, опасные помещения, особо опасные помещения@False;Помещения без повышенной опасности, помещения с повышенной опасностью, опасные помещения@False;Помещения без повышенной опасности, помещения с повышенной опасностью, особо опасные помещения и территория открытых электроустановок@True;Неопасные помещения, помещения с повышенной опасностью, опасные помещения, особо опасные помещения@False
Как классифицируются электроинструменты по способу защиты от поражения электрическим током?;Делятся на 4 класса - нулевой, первый, второй и третий@True;Делятся на 3 класса - первый, второй и третий@False;Делятся на 4 класса - первый, второй, третий и четвертый@False;Делятся на 3 класса - нулевой, первый и второй@False
Как обозначаются нулевые рабочие (нейтральные) проводники?;Обозначаются буквой N и зеленым цветом@False;Обозначаются буквой N и белым цветом@False;Обозначаются буквой N и голубым цветом@True;Обозначаются буквой N и желтым цветом@False
Как часто должна проводиться проверка электрических схем электроустановок на соответствие фактическим эксплуатационным?;Не реже одного раза в полгода с отметкой о проверке@False;Не реже одного раза в год с отметкой о проверке@False;Не реже одного раза в два года с отметкой о проверке@True;Не реже одного раза в три года с отметкой о проверке@False;Не реже одного раза в пять лет с отметкой о проверке@False
Как часто проводится проверка знаний по электробезопасности для электротехнического персонала?;Не реже одного раза в год@True;Не реже одного раза в полгода@False;Не реже одного раза в три года@False;Не реже одного раза в пять лет@False
Какая ответственность предусмотрена за нарушение правил и норм при эксплуатации электроустановок?;Дисциплинарная@False;Уголовная@False;Административная@False;В соответствии с действующим законодательством@True
Какая периодичность осмотра состояния средств защиты, используемых в электроустановках?;Не реже одного раза в месяц@False;Не реже одного раза в три месяца@False;Не реже одного раза в шесть месяцев@True;Не реже одного раза в год@False
Какая периодичность проверки знаний по электробезопасности установлена для персонала, обслуживающего электроустановки?;Не реже одного раза в год@True;Не реже одного раза в два года@False;Не реже одного раза в три года@False;Не реже одного раза в пять лет@False
Какая электроустановка считается действующей?;Исправная электроустановка@False;Электроустановка или ее часть, которая находится под напряжением, либо на которую напряжение может быть подано включением коммутационных аппаратов@True;Электроустановка, которая находится в постоянной эксплуатации@False;Электроустановка, которая находится под напряжением не ниже 220 В@False
Какие буквенные и цветовые обозначения должны иметь шины при переменном трехфазном токе?;Шины фазы A - желтым, фазы B - зеленым, фазы C - красным цветом@True;Шины фазы A - зеленым, фазы B - желтым, фазы C - красным цветом@False;Шины фазы A - красным, фазы B - белым, фазы C - синим цветом@False;Шины фазы A - голубым, фазы B - белым, фазы C - красным цветом@False
Какие буквенные и цветовые обозначения должны иметь шины при постоянном токе?;Положительная шина (+) - красным цветом, отрицательная (-) - синим и нулевая рабочая M - голубым цветом@True;Положительная шина (+) - зеленым цветом, отрицательная (-) - красным и нулевая рабочая M - голубым цветом@False;Положительная шина (+) - красным цветом, отрицательная (-) - синим и нулевая рабочая M - белым цветом@False;Положительная шина (+) - зеленым цветом, отрицательная (-) - синим и нулевая рабочая M - голубым цветом@False
Какие должны быть предусмотрены меры от прямого прикосновения?;Основная изоляция токоведущих частей@False;Ограждения и оболочки, установка барьеров@False;Размещение вне зоны досягаемости@False;Применение сверхнизкого (малого) напряжения@False;Любая из приведенных мер в отдельности либо в сочетании@True
Какие запрещающие плакаты вывешиваются на задвижках, закрывающих доступ воздуха в пневматические приводы разъединителей, во избежание подачи напряжения на рабочее место при проведении ремонта или планового осмотра оборудования?;Не включать! Работают люди@False;Не открывать! Работают люди@True;Работа под напряжением! Повторно не включать!@False
Какие запрещающие плакаты вывешиваются на приводах коммутационных аппаратов во избежание подачи напряжения на рабочее место при проведении ремонта или планового осмотра оборудования?;Не включать! Работают люди@True;Не открывать! Работают люди@False;Работа под напряжением! Повторно не включать!@False
Какие защитные меры применяются для защиты людей от поражения электрическим током при косвенном прикосновении в случае повреждения изоляции?;Защитное заземление@True;Ограждения и оболочки@False;Основная изоляция токоведущих частей@False;Любая из перечисленных мер в отдельности или в сочетании@False
Какие конструктивные элементы зданий и сооружений могут рассматриваться как естественные молниеприемники?;Металлические конструкции крыши (фермы, соединенная между собой стальная арматура)@False;Металлические элементы типа водосточных труб@False;Технологические металлические трубы и резервуары, выполненные из металла толщиной не менее 2,5 мм@False;Любые элементы из перечисленных@True
Какие мероприятия из перечисленных относятся к организационным? Дайте наиболее полный ответ.;Оформление работ нарядом, распоряжением или перечнем работ. выполняемых в порядке текущей эксплуатации@False;Допуск к работе и надзор во время работы@False;Оформление перерыва в работе, перевода на другое место, окончания работы@False;Оформление работ нарядом, распоряжением или перечнем работ, выполняемых в порядке текущей эксплуатации, допуск к работе, надзор во время работы, оформление перерыва в работе, перевода на другое место, окончания работы@True
Какие меры безопасности необходимо принимать для предотвращения ошибочного включения коммутационных аппаратов при отсутствии в схеме предохранителей во время проведения планового ремонта электроустановки? ;Обеспечить запирание рукояток или дверец шкафа@False;Обеспечить закрытие кнопок@False;Установить между контактами коммутационного аппарата изолирующие накладки@False;Можно принимать любые из перечисленных мер либо провести расшиновку или отсоединение кабеля, проводов от коммутационного аппарата либо от оборудования, на котором будут проводиться работы@True
Какие объекты относятся к обычным объектам по степени опасности поражения молнией?;Жилые и административные строения высотой более 60 м@False;Объекты, представляющие опасность для непосредственного окружения, социальной и физической окружающей среды@False;Здания высотой не более 60 м, предназначенные для торговли и промышленного производства, а также жилые и административные строения@True;Все объекты@False
Какие объекты относятся к специальным объектам по степени опасности поражения молнией?;Жилые и административные строения@False;Объекты, представляющие опасность для непосредственного окружения, социальной и физической окружающей среды@True;Здания высотой не более 60 м, предназначенные для торговли и промышленного производства@False;Все объекты@False
Какие обязанности возложены на ремонтный персонал?;Организация и обеспечение ремонтных работ в электроустановках@False;Организация и обеспечение технологического обслуживания и ремонта электрооборудования@False;Организация и обеспечение испытаний электрооборудования@False;Обеспечение технического обслуживания и ремонта, монтажа, наладки и испытания электрооборудования@True
Какие плакаты из перечисленных относятся к запрещающим?;Не включать! Работают люди.@True;Стой! Напряжение.@False;Не влезай! Убьет.@False;Осторожно! Электрическое напряжение.@False
Какие плакаты из перечисленных относятся к предупреждающим?;Не включать! Работают люди.@False;Работа под напряжением. Повторно не включать!@False;Заземлено.@False;Осторожно! Электрическое напряжение.@True
Какие плакаты из перечисленных относятся к указательным?;Не включать! Работают люди.@False;Работа под напряжением. Повторно не включать!@False;Заземлено.@True;Осторожно! Электрическое напряжение.@False
Какие помещения называются особо сырыми?;Помещения, в которых относительная влажность воздуха не превышает 60%@False;Помещения, в которых относительная влажность воздуха не превышает 75%@False;Помещения, в которых относительная влажность воздуха не превышает 90%@False;Помещения, в которых относительная влажность воздуха близка к 100%@True
Какие помещения называются сухими?;Помещения, в которых относительная влажность воздуха не превышает 60%@True;Помещения, в которых относительная влажность воздуха не превышает 75%@False;Помещения, в которых относительная влажность воздуха не превышает 90%@False;Помещения, в которых относительная влажность воздуха близка к 100%@False
Какие помещения называются сырыми?;Помещения, в которых относительная влажность воздуха не превышает 60%@False;Помещения, в которых относительная влажность воздуха превышает 75%@True;Помещения, в которых относительная влажность воздуха не превышает 90%@False;Помещения, в которых относительная влажность воздуха близка к 100%@False
Какие помещения относятся к влажным?;Помещения, в которых относительная влажность воздуха больше 60 %, но не превышает 75%@True;Помещения, в которых относительная влажность воздуха не превышает 75%@False;Помещения, в которых относительная влажность воздуха больше 75 %, но не превышает 90%@False;Помещения, в которых относительная влажность воздуха близка к 100%@False
Какие помещения относятся к особо опасным помещениям?;Помещения, характеризующиеся наличием сырости или токопроводящей пыли@False;Помещения, характеризующиеся наличием металлических, земляных, железобетонных и других токопроводящих полов@False;Помещения, характеризующиеся наличием высокой температуры@False;Любое из перечисленных помещений относится к особо опасным помещениям@True
Какие помещения относятся к помещениям с повышенной опасностью?;Помещения, характеризующиеся наличием сырости или токопроводящей пыли@False;Помещения, характеризующиеся наличием металлических, земляных, железобетонных и других токопроводящих полов@False;Помещения, характеризующиеся наличием высокой температуры@False;Помещения, характеризующиеся возможностью одновременного прикосновения человека к металлоконструкциям зданий, имеющим соединение с землей, технологическим аппаратам, механизмам и т.п., с одной стороны, и к металлическим корпусам электрооборудования (открытым проводящим частям) - с другой@False;Любое из перечисленных помещений относится к помещениям с повышенной опасностью@True
Какие помещения относятся к электропомещениям?;Помещения, в которых находится электрообудование с напряжением выше 220 В@False;Помещения или отгороженные (например, сетками) части помещения, в которых расположено электрооборудование, доступное только для квалифицированного обслуживающего персонала@True;Любые помещения с электрооборудованием мощностью выше 10 кВт@False;Помещения, в которых находятся любые электроустановки@False
Какие работы из перечисленных можно отнести к работам, выполняемым в порядке текущей эксплуатации в электроустановках напряжением до 1000 В?;Снятие и установка электросчетчиков, других приборов и средств измерений@True;Ремонт пусковой и коммутационной аппаратуры, установленной на щитках@False;Замена ламп и чистка светильников на высоте более 2,5 м@False;Любые из перечисленных работ@False
Какие работы относятся к работам со снятием напряжения?;Работы, при которых приняты меры, препятствующие подаче напряжение на токоведущие части к месту работы@False;Работы на токоведущих частях распределительного устройства, где щитовые приборы показывают отсутствие напряжения@False;Работы при отключенных автоматических выключателях@False;Работа, когда с токоведущих частей электроустановки, на которой будут проводиться работы, отключением коммутационных аппаратов, отсоединением шин, кабелей, проводов снято напряжение и приняты меры, препятствующие подаче напряжения на токоведущие части к месту работы@True
Какие работы по распоряжению в электроустановках напряжением выше 1000 В может проводить один работник, имеющий третью группу по электробезопасности?;Работы на электродвигателях и механической части вентиляторов и маслонасосов трансформаторов и компрессоров@True;Работы по мелкому ремонту@False;Неотложные работы продолжительностью не более трех часов@False;Снятие и установка электросчетчиков@False;Все перечисленные работы@False
Какие светильники рекомендуется применять для устройства  аварийного освещения?;Ртутные лампы@False;Люминесцентные лампы или с лампами накаливания@True;Ртутно-вольфрамовые лампы@False;Ксеноновые лампы@False
Какие средства защиты относятся к дополнительным изолирующим электрозащитным средствам для электроустановок напряжением до 1000 В?;Диэлектрические галоши, диэлектрические ковры и изолирующие подставки, изолирующие колпаки, покрытия и накладки, лестницы приставные, стремянки изолирующие стеклопластиковые, штанги для переноса и выравнивания потенциала@False;Диэлектрические галоши, диэлектрические ковры и изолирующие подставки, изолирующие колпаки, покрытия и накладки, лестницы приставные, стремянки изолирующие стеклопластиковые@True;Диэлектрические галоши, диэлектрические ковры и изолирующие подставки, изолирующие колпаки, покрытия и накладки, лестницы приставные, изолирующие штанги всех видов@False;Диэлектрические галоши, диэлектрические ковры и изолирующие подставки, изолирующие колпаки, покрытия и накладки, лестницы приставные, стремянки изолирующие стеклопластиковые, указатели напряжения@False
Какие средства защиты относятся к индивидуальным?;Средства защиты головы, глаз, лица, органов дыхания, рук, от падения с высоты, ручной изолирующий инструмент@False;Средства защиты головы, глаз, лица, органов дыхания, рук, ручной изолирующий инструмент, диэлектрические перчатки и боты@False;Средства защиты головы, глаз, лица, органов дыхания, рук, от падения с высоты, одежда специальная защитная@True;Средства защиты головы, глаз, лица, органов дыхания, рук, от падения с высоты, ручной изолирующий инструмент, одежда специальная защитная@False
Какие средства защиты относятся к основным изолирующим электрозащитным средствам для электроустановок напряжением до 1000 В?;Изолирующие штанги всех видов, изолирующие клещи, указатели напряжения, электроизмерительные клещи, диэлектрические перчатки, ручной изолирующий инструмент@True;Изолирующие штанги всех видов, изолирующие клещи, указатели напряжения, электроизмерительные колпаки и накладки, диэлектрические перчатки, ручной изолирующий инструмент@False;Изолирующие штанги всех видов, изолирующие клещи, указатели напряжения, диэлектрические перчатки, галоши и боты, ручной изолирующий инструмент@False;Изолирующие штанги всех видов, изолирующие клещи, колпаки, покрытия и накладки, указатели напряжения, диэлектрические перчатки, галоши и боты, ручной изолирующий инструмент@False
Какие средства защиты относятся к основным изолирующим электрозащитным средствам для электроустановок напряжением свыше 1000 В?;Изолирующие штанги всех видов, изолирующие клещи, указатели напряжения, электроизмерительные клещи, диэлектрические перчатки, ручной изолирующий инструмент@False;Изолирующие штанги всех видов, изолирующие клещи, указатели напряжения, электроизмерительные колпаки и накладки, диэлектрические перчатки, ручной изолирующий инструмент@False;Изолирующие штанги всех видов, изолирующие клещи, указатели напряжения@True;Изолирующие штанги всех видов, изолирующие клещи, колпаки, покрытия и накладки, указатели напряжения, диэлектрические перчатки, галоши и боты, ручной изолирующий инструмент@False
Какие существуют возрастные ограничения для присвоения III группы по электробезопасности?;Никаких ограничений по возрасту нет@False;Группа III может присваиваться работникам только по достижении 16-летнего возраста@False;Группа III может присваиваться работникам только по достижении 18-летнего возраста@True;Группа III может присваиваться работникам только по достижении 21-летнего возраста@False
"Какие существуют основные ""петли тока"" - пути для прохождения электрического тока через тело человека?";Рука-рука, рука-нога, рука-голова, нога-нога, голова-нога@True;Рука-рука, рука-нога, рука-голова, нога-нога, голова-туловище@False;Рука-рука, рука-нога, рука-голова, нога-нога, голова-нога, голова-туловище@False;Рука-рука, левая рука-нога, левая рука-голова, нога-нога, голова-нога@False
Какие требования безопасности предъявляются ПУЭ к ограждающим и закрывающим устройствам?;Должны быть выполнены так, чтобы снимать или открывать их можно было только с помощью ключей или инструментов@True;Они должны иметь свободный доступ@False;Особых требований правилами не предусматривается@False;Данные устройства должны быть выполнены без возможности их съема или открытия@False
Какие требования предъявляются к внешнему виду диэлектрических ковров?;Они должны быть с ровной поверхностью, разноцветные@False;Они должны быть с рифленой лицевой поверхностью, разноцветные@False;Они должны быть с рифленой лицевой поверхностью, одноцветные@True;Особых требований не предусмотрено@False
Какие электроприемники в отношении обеспечения надежности электроснабжения относятся к электроприемникам второй категории?;Электроприемники, перерыв электроснабжения которых может повлечь за собой: опасность для жизни людей, угрозу для безопасности государства, значительный материальный ущерб, расстройство сложного технологического процесса, нарушение функционирования особо важных элементов коммунального хозяйства, объектов связи и телевидения@False;Электроприемники, перерыв электроснабжения которых приводит к массовому недоотпуску продукции, массовым простоям рабочих, механизмов и промышленного транспорта, нарушению нормальной деятельности значительного количества городских и сельских жителей@True;Электроприемники, бесперебойная работа которых необходима для безаварийного останова производства в целях предотвращения угрозы жизни людей, взрывов и пожаров@False
Какие электроприемники в отношении обеспечения надежности электроснабжения относятся к электроприемникам первой категории?;Электроприемники, перерыв электроснабжения которых может повлечь за собой: опасность для жизни людей, угрозу для безопасности государства, значительный материальный ущерб, расстройство сложного технологического процесса, нарушение функционирования особо важных элементов коммунального хозяйства, объектов связи и телевидения@True;Электроприемники, перерыв электроснабжения которых приводит к массовому недоотпуску продукции, массовым простоям рабочих, механизмов и промышленного транспорта, нарушению нормальной деятельности значительного количества городских и сельских жителей@False;Электроприемники, бесперебойная работа которых необходима для безаварийного останова производства в целях предотвращения угрозы жизни людей, взрывов и пожаров@False
Каким образом диэлектрические перчатки проверяются на наличие проколов?;Путем скручивания их в сторону пальцев@True;Путем растяжки и визуального осмотра@False;Путем погружения в воду и проверки отсутствия появления пузырьков воздуха@False;Путем проведения электрических испытаний@False
Каким образом осуществляется подача напряжения на электроустановки, допущенные в установленные порядке в эксплуатацию?;После получения разрешения от органов Ростехнадзора@False;На основании распоряжения руководителя Потребителя@False;После получения разрешения от органов Ростехнадзора и наличия договора с энергоснабжающей организацией@True;После согласования с органами Ростехнадзора@False
Каким образом производится присоединение заземляющих проводников к заземлителю и заземляющим конструкциям?;Сваркой@True;Болтовым соединением@False;Любым подручным способом@False
Каким образом работник при непосредственном использовании средств защиты может определить, что электрозащитные средства прошли эксплуатационные испытания и пригодны для применения?;По протоколам эксплуатационных испытаний@False;По штампу или маркировке на средстве защиты@True;По бирке, которая приклеивается к средству защиты@False;По внешнему виду средств защиты@False
"Каким образом следует передвигаться в зоне ""шагового"" напряжения?";Также как по обычной земле@False;Гусиным шагом@True;Большими шагами очень быстро@False;Не имеет значения как идти@False
Каким образом члены бригады, имеющие третью группу по электробезопасности, могут осуществлять временный уход с рабочего места в РУ?;Самостоятельно, в любое время@False;С разрешения производителя работ, самостоятельно@True;С разрешения производителя работ, в сопровождении работника, имеющего IV группу по электробезопасности@False;С разрешения производителя работ, в сопровождении работника, имеющего такую же группу по электробезопасности@False
Какова периодичность визуального осмотра видимой части заземляющего устройства?;По графику, но не реже одного раза в месяц@False;По графику, но не реже одного раза в три месяца@False;По графику, но не реже одного раза в шесть месяцев@True;По графику, но не реже одного раза в девять месяцев@False;По графику, но не реже одного раза в год@False
Какова периодичность осмотров заземляющих устройств с выборочным  вскрытием грунта?;По графику, но не реже одного раза в двенадцать лет@True;По графику, но не реже одного раза в три года@False;По графику, но не реже одного раза в шесть лет@False;По графику, но не реже одного раза в девять лет@False;По графику, но не реже одного раза в год@False
Какое буквенное и цветовое обозначение должны иметь проводники защитного заземления в электроустановках?;Должны иметь буквенное обозначение РЕN и голубой цвет по всей длине@False;Должны иметь буквенное обозначение PE и цветовое обозначение чередующимися продольными или поперечными полосами одинаковой ширины (для шин от 15 до 100 мм) желтого и зеленого цветов@True;Должны иметь буквенное обозначение PEN и цветовое обозначение: голубой цвет по всей длине и желто-зеленые полосы на концах@False;Обозначаются буквой N и голубым цветом@False
Какое буквенное и цветовое обозначение должны иметь совмещенные нулевые защитные и нулевые рабочие проводники?;Должны иметь буквенное обозначение РЕN и голубой цвет по всей длине@False;Должны иметь буквенное обозначение PE и цветовое обозначение чередующимися продольными или поперечными полосами одинаковой ширины (для шин от 15 до 100 мм) желтого и зеленого цветов@False;Должны иметь буквенное обозначение PEN и цветовое обозначение: голубой цвет по всей длине и желто-зеленые полосы на концах@True;Обозначаются буквой N и голубым цветом@False
Какое количество ламп накаливания каждая мощностью до 60 Вт допускается присоединять на однофазные группы освещения лестниц?;Не более 45 ламп накаливания@False;Не более 60 ламп накаливания@True;Не более 75 ламп накаливания@False;Не более 100 ламп накаливания@False
Какое количество люминесцентных ламп каждая мощностью до 20 Вт допускается присоединять на одну фазу для питания световых потолков?;Не более 45 ламп@False;Не более 60 ламп@False;Не более 75 ламп@False;Не более 100 ламп@True
Какое количество люминесцентных ламп каждая мощностью до 40 Вт допускается присоединять на одну фазу для питания световых потолков?;Не более 45 ламп@False;Не более 60 ламп@False;Не более 75 ламп@True;Не более 100 ламп@False
Какое количество люминесцентных ламп каждая мощностью до 80 Вт допускается присоединять на одну фазу для питания световых потолков?;Не более 45 ламп@False;Не более 60 ламп@True;Не более 75 ламп@False;Не более 100 ламп@False
Какое максимальное значение напряжения должно применяться для питания переносных (ручных) светильников, применяемых в помещениях с повышенной опасностью?;Не выше 12 В@False;Не выше 42 В@False;Не выше 50 В@True;Не выше 127 В@False
Какое максимальное напряжение может быть в распределительных электрических сетях, к которым присоединяются источники сварочного тока?;Не выше 220 В@False;Не выше 380 В@False;Не выше 450 В@False;Не выше 660 В@True
Какое специфическое действие на организм человека оказывает электрический ток?;Термическое (тепловое) действие@False;Механическое действие@False;Электролитическое (биохимическое) действие@False;Все перечисленные действия относятся к специфическим@True
Какой документ должен быть на руках у электротехнического персонала для проведения измерений мегаомметром в электроустановках напряжением до 1000 В?;Распоряжение@True;Наряд@False;Приказ@False;План проведения работ@False
Какой инструктаж должен пройти электротехнический персонал перед началом работ по распоряжению?;Вводный@False;Первичный на рабочем месте@False;Целевой@True;Повторный@False
Какой минимальный стаж работы должен быть у человека с высшим электротехническим образованием для перехода с третьей группы электробезопасности на четвертую?;3 месяца в предыдущей группе@False;2 месяца в предыдущей группе@True;6 месяцев в предыдущей группе@False;1 месяц в предыдущей группе@False;Не нормируется@False
Какой персонал относится к неэлектротехническому?;Персонал, осуществляющий оперативное управление и обслуживание электроустановок (осмотр, оперативные переключения, подготовку рабочего места, допуск и надзор за работающими, выполнение работ в порядке текущей эксплуатации)@False;Ремонтный персонал, специально обученный и подготовленный для оперативного обслуживания в утвержденном объеме закрепленных за ним электроустановок@False;Персонал, обеспечивающий техническое обслуживание и ремонт, монтаж, наладку и испытание электрооборудования@False;Персонал, не попадающий под определение  «электротехнического», «электротехнологического» персонала@True;Персонал, на которого возложены обязанности по организации технического и оперативного обслуживания, проведения ремонтных, монтажных и наладочных работ в электроустановках@False
"Какой фон должен быть у предупреждающего знака ""Осторожно! Электрическое напряжение"", который наносится посредством трафарета на железобетонную опору ВЛ?";Белый@False;Желтый@False;Фоном служит цвет поверхности бетона@True
"Какой фон должен быть у предупреждающего знака ""Осторожно! Электрическое напряжение"", который укрепляется на наружной двери трансформаторов?";Белый@False;Желтый@True;Фоном служит цвет двери трансформатора@False
Какой электрический ток опаснее для человека: постоянный или переменный?;Постоянный ток@False;Переменный ток@True;Любое воздействие опасно@False
Какую группу по электробезопасности должен иметь допускающий к работе в электроустановках?;В электроустановках до 1000 В - третью, а в электроустановках свыше 1000 В - четвертую@True;В электроустановках до 1000 В - четвертую, а в электроустановках свыше 1000 В - пятую@False;Во всех электроустановках - третью@False;Во всех электроустановках - четвертую@False;Во всех электроустановках - четвертую либо пятую@False
Какую группу по электробезопасности должны иметь работники из числа оперативного персонала, единолично обслуживающие электроустановки?;Не ниже II группы@False;Не ниже III группы@True;II или III группу@False;IV группу@False
Какую начальную группу по электробезопасности должен иметь работник при его переводе с обслуживания электроустановок напряжением до 1000 В на обслуживание электроустановок напряжением выше 1000 В?;Не выше второй@False;Не выше третьей@True;Не выше четвертой@False;Любую группу@False
Когда проводится внеочередная проверка знаний персонала?;При введении в действие у Потребителя новых или переработанных норм и правил@False;По требованию органов государственного надзора и контроля@False;При проверке знаний после получения неудовлетворительной оценки@False;При перерыве в работе в данной должности более 6 месяцев@False;В любом из перечисленных случаев@True
Когда проводится проверка и осмотр устройств молниезащиты?;Один раз в год по графику@False;Один раз в год перед началом грозового сезона@True;Один раз в три месяца@False;Один раз в три года@False
Когда проводятся внеочередные замеры сопротивления устройств молниезащиты?;После выполнения ремонтных работ как на устройствах молниезащиты, так и на самих защищаемых объектах и вблизи них@True;После стихийных бедствий (ураганный ветер, наводнение, землетрясение, пожар) и гроз чрезвычайной интенсивности@False;Перед началом грозового сезона@False;Во всех перечисленных случаях@False
Когда следует выполнять защиту при косвенном прикосновении?;Во всех случаях, если напряжение в электроустановке превышает 50 В переменного и 120 В постоянного тока@True;Во всех случаях, если напряжение в электроустановке превышает 24 В переменного и 90 В постоянного тока@False;Во всех случаях, если напряжение в электроустановке превышает 12 В переменного и 60 В постоянного тока@False;Во всех случаях, если напряжение в электроустановке превышает 127 В переменного и 400 В постоянного тока@False
Когда, как правило,  назначается ответственный руководитель работ?;В электроустановках напряжением до 1000 В@False;В электроустановках напряжением свыше 1000 В@True;Во всех электроустановках@False;В электроустановках напряжением выше 10 кВ@False
Кто в организации ведет наблюдение за работой счетчиков электрической энергии?;Оперативный персонал@True;Административно-технический персонал@False;Электротехнический персонал@False;Электротехнологический персонал@False
Кто должен обеспечивать надежность и безопасность эксплуатации электроустановок?;Энергоснабжающая организация@False;Потребители@True;Органы Ростехнадзора@False;Обслуживающая организация@False
Кто должен осуществлять замену и плановую поверку электрических счетчиков?;Энергоснабжающая организация@False;Собственник приборов учета по согласованию с энергоснабжающей организацией@True;Органы энергонадзора@False;Органы стандартизации и метрологии, которые находятся по месту регистрации собственника приборов учета электрической энергии@False
Кто имеет право единолично обслуживать электроустановки напряжением до 1000 В?;Работники из числа оперативного или оперативно-ремонтного персонала организации, имеющие группу по электробезопасности не ниже III@True;Работники из числа ремонтного персонала организации, имеющие группу по электробезопасности не ниже III@False;Работники из числа оперативного или оперативно-ремонтного персонала организации, имеющие группу по электробезопасности не ниже II@False;Работники из числа оперативного или оперативно-ремонтного персонала организации, имеющие группу по электробезопасности II или III@False
Кто имеет право проводить обслуживание аккумуляторных батарей и зарядных устройств?;Специально обученный персонал, имеющий II группу по электробезопасности@False;Любой работник из числа электротехнического персонала, имеющий III группу по электробезопасности@False;Специально обученный персонал, имеющий III группу по электробезопасности@True;Специально обученный персонал, имеющий IV группу по электробезопасности@False
Кто имеет право проводить проверку знаний неэлектротехнического персонала с присвоением I группы допуска?;Работник из числа электротехнического персонала данного Потребителя с группой по электробезопасности не ниже III@True;Работник из числа электротехнологического персонала данного Потребителя с группой по электробезопасности не ниже III@False;Комиссия в составе не менее 3 человек, имеющих группу по электробезопасности не ниже III@False;Комиссия в составе не менее 3 человек, имеющих группу по электробезопасности не ниже III, с обязательным присутствием инспектора Ростехнадзора@False
Кто может являться ответственным за безопасное ведение работ? Дайте наиболее полный ответ.;Ответственный руководитель работ, допускающий, производитель работ, наблюдающий, члены бригады@False;Выдающий наряд, отдающий распоряжение, утверждающий перечень работ, выполняемых в порядке текущей эксплуатации, ответственный руководитель работ, допускающий, производитель работ, наблюдающий@False;Ответственный руководитель работ, допускающий, производитель работ, наблюдающий@False;Выдающий наряд, отдающий распоряжение, утверждающий перечень работ, выполняемых в порядке текущей эксплуатации, ответственный руководитель работ, допускающий, производитель работ, наблюдающий, члены бригады@True
Кто осуществляет государственный надзор за соблюдением требований правил и норм электробезопасности в электроустановках?;МЧС России@False;Ростехнадзор@True;Главгосэнергонадзор@False;Роспотребнадзор@False
Кто относится к оперативному персоналу?;Персонал, осуществляющий оперативное управление и обслуживание электроустановок (осмотр, оперативные переключения, подготовку рабочего места, допуск и надзор за работающими, выполнение работ в порядке текущей эксплуатации)@True;Ремонтный персонал, специально обученный и подготовленный для оперативного обслуживания в утвержденном объеме закрепленных за ним электроустановок@False;Персонал, обеспечивающий техническое обслуживание и ремонт, монтаж, наладку и испытание электрооборудования@False;Персонал, на которого возложены обязанности по организации технического и оперативного обслуживания, проведения ремонтных, монтажных и наладочных работ в электроустановках@False
Кто относится к оперативно-ремонтному персоналу?;Персонал, осуществляющий оперативное управление и обслуживание электроустановок (осмотр, оперативные переключения, подготовку рабочего места, допуск и надзор за работающими, выполнение работ в порядке текущей эксплуатации)@False;Ремонтный персонал, специально обученный и подготовленный для оперативного обслуживания в утвержденном объеме закрепленных за ним электроустановок@True;Персонал, обеспечивающий техническое обслуживание и ремонт, монтаж, наладку и испытание электрооборудования@False;Персонал, на которого возложены обязанности по организации технического и оперативного обслуживания, проведения ремонтных, монтажных и наладочных работ в электроустановках@False
Кто относится к ремонтному персоналу?;Персонал, осуществляющий оперативное управление и обслуживание электроустановок (осмотр, оперативные переключения, подготовку рабочего места, допуск и надзор за работающими, выполнение работ в порядке текущей эксплуатации)@False;Ремонтный персонал, специально обученный и подготовленный для оперативного обслуживания в утвержденном объеме закрепленных за ним электроустановок@False;Персонал, обеспечивающий техническое обслуживание и ремонт, монтаж, наладку и испытание электрооборудования@True;Персонал, на которого возложены обязанности по организации технического и оперативного обслуживания, проведения ремонтных, монтажных и наладочных работ в электроустановках@False
Кто относится к электротехнологическому персоналу?;Персонал, который проводит обслуживание электротехнологических установок, и использует в работе электрические машины, переносной электроинструмент и светильники@True;Персонал, который проводит ремонт и обслуживание электроустановок@False;Персонал, который проводит монтаж, наладку и испытание электротехнологического оборудования@False;Персонал, который не попадает под определение электротехнического@False
Можно ли использовать средства защиты с истекшим сроком годности?;Можно@False;Не допускается@True;Можно, при отсутствии внешних повреждений@False;Можно, с разрешения непосредственного руководителя@False
На какие группы подразделяется электротехнический персонал организации?;На оперативный, административный и ремонтный@False;На административно-технический и оперативно-ремонтный@False;На оперативный, административно-технический, оперативно-ремонтный и ремонтный@True;На оперативный, оперативно-ремонтный и ремонтный@False
На какие электроустановки распространяются требования Правил устройства электроустановок?;Только на электроустановки переменного тока напряжением до 380 кВ@False;На вновь сооружаемые и реконструируемые электроустановки постоянного и переменного тока напряжением до 750 кВ, в том числе на специальные электроустановки@True;На сооружаемые электроустановки постоянного и переменного тока напряжением до 750 кВ@False;На все электроустановки@False
На какой  высоте от уровня пола должны устанавливаться выключатели для светильников общего освещения в административных зданиях?;На высоте от 0,5 до 0,8 м от пола@False;На высоте от 0,8 до 1,0 м от пола@False;На высоте от 1,0 до 1,5 м от пола@False;На высоте от 0,8 до 1,7 м от пола@True
На какой высоте в производственных помещениях должны устанавливаться штепсельные розетки?;0,8-1,0 м от уровня пола@True;0,5-0,8 м от уровня пола@False;На высоте, удобной для присоединения к ним электрических приборов@False;Не ниже 1,8 м@False
На какой высоте на пешеходной дорожкой от уровня земли должны устанавливаться светильники?;На высоте не менее 5, 0 м@False;На высоте не менее 2, 5 м@False;На высоте не менее 3,5 м@False;На высоте не менее 3, 0 м@True
На какой высоте над контактной сетью троллейбуса от уровня проезжей части рекомендуется устанавливать светильники?;На высоте не менее 8, 0 м@False;На высоте не менее 9,0 м@True;На высоте не менее 7,0 м@False;На высоте не менее 8,5 м@False
На какой высоте над пешеходной дорожкой от уровня земли должны устанавливаться светильники?;На высоте не менее 5, 0 м@False;На высоте не менее 2, 5 м@False;На высоте не менее 3,5 м@False;На высоте не менее 3, 0 м@True
На какой высоте над проезжей частью улиц рекомендуется устанавливать светильники?;На высоте не менее 5, 0 м@False;На высоте не менее 5, 5 м@False;На высоте не менее 6,5 м@True;На высоте не менее 6, 0 м@False
На какой максимальной высоте рекомендуется устанавливать штепсельные розетки в административных зданиях?;На высоте не более 1,0 м@True;На высоте не более 1,2 м@False;На высоте не более 1,5 м@False;На высоте не более 1,8 м@False
На какой срок выдается наряд на производство работ в электроустановках?;Не более 5 календарных дней со дня начала работы@False;Не более 10 календарных дней со дня начала работы@False;Не более 15 календарных дней со дня начала работы@True;Не более 20 календарных дней со дня начала работы@False;На все время проведения работ@False
На какой срок выдается распоряжение на производство работ в электроустановках?;Не более 5 календарных дней со дня начала работы@False;Не более 10 календарных дней со дня начала работы@False;Распоряжение носит разовый характер, срок его действия определяется продолжительностью рабочего дня исполнителей@True;Не более 20 календарных дней со дня начала работы@False;На все время проведения работ@False
На какой срок может быть продлено для работника дублирование, если за отведенное время он не приобрел достаточных производственных навыков?;От 1 до 5 смен@False;От 2 до 4 смен@False;От 2 до 12 смен@True;От 2 до 14 смен@False;От 5 до 15 смен@False
На кого распространяется действие Правил технической эксплуатации электроустановок потребителей?;На организации, независимо от форм собственности и организационно-правовых форм, индивидуальных предпринимателей, эксплуатирующим действующие электроустановки напряжением до 220 кВ включительно, и граждан - владельцев электроустановок напряжением выше 1000 В@True;На организации, независимо от форм собственности и организационно-правовых форм, эксплуатирующим действующие электроустановки напряжением до 220 кВ включительно@False;На организации, независимо от форм собственности и организационно-правовых форм, индивидуальных предпринимателей, эксплуатирующим действующие электроустановки напряжением до 220 кВ включительно, а также на электроустановки электрических станций, блок-станций@False;На организации, независимо от форм собственности и организационно-правовых форм, индивидуальных предпринимателей, эксплуатирующим действующие электроустановки напряжением до 380 кВ включительно, и граждан - владельцев электроустановок напряжением выше 380 В@False
На кого распространяются Межотраслевые правила по охране труда (правила безопасности) при эксплуатации электроустановок?;На работников промышленных предприятий, в составе которых имеются электроустановки@False;На работников организаций независимо от форм собственности и организационно-правовых форм и других физических лиц, занятых техническим обслуживанием электроустановок, проводящих в них оперативные переключения, организующих и выполняющих строительные, монтажные, наладочные, ремонтные работы, испытания и измерения@True;На работников организаций, занятых техническим обслуживанием электроустановок@False;На работников всех организаций независимо от формы собственности, занятых техническим обслуживанием и выполняющих в них строительные, монтажные и ремонтные работы@False
Нуждается ли в медицинской помощи человек, находившийся под воздействием электрического тока и чувствующий себя после этого нормально?;Да, если ему меньше 16 лет@False;Нуждается в любом случае@True;Не нуждается@False;Это может определить только медработник@False
По какому документу проводятся испытания элекрооборудования, проводимые с использованием передвижной испытательной установки?;По распоряжению@False;По наряду@True;По приказу@False;По плану проведения работ@False
При каком максимальном напряжении для управления светильниками допускается использовать штепсельные розетки?;При напряжении до 36 В@False;При напряжении до 50 В@True;При напряжении до 75 В@False;При напряжении до 90 В@False
С какой нейтралью должны работать электрические сети напряжением 10 кВ?;С глухозаземленной нейтралью@False;С эффективно заземленной нейтралью@False;С изолированной нейтралью@True;С любой из перечисленных видов нейтрали@False
Сколько источников питания необходимо для организации электроснабжения электроприемников второй категории?;Два независимых взаимно резервирующих источника питания@True;Достаточно одного источника питания, при условии, что перерыв в электроснабжении в случае аварии или ремонта будет не больше 12 часов@False;Три независимых взаимно резервирующих источника питания@False;Достаточно одного источника питания, при условии, что перерыв в электроснабжении в случае аварии или ремонта будет не больше 24 часов@False
Сколько работников и с какой группой по электробезопасности должны выполнять проверку отсутствия напряжения на ВЛ напряжением до 1000 В?;Один из числа оперативного персонала, имеющий III группу@False;Два работника, имеющие III группу@True;Два работника, один из которых имеет III группу, а второй - IV@False;Один из числа оперативного персонала, имеющий IV группу@False
Сколько человек должно быть в составе бригады, выполняющих работы по перетяжке и замене проводов на воздушных линиях напряжением до 1000 В?;Минимум два человека, причем производитель работ должен иметь III группу по электробезопасности@False;Минимум три человека, причем производитель работ должен иметь III группу по электробезопасности@False;Минимум два человека, причем производитель работ должен иметь IV группу по электробезопасности@True;Минимум два человека, причем производитель работ должен иметь V группу по электробезопасности@False
Смертельно опасной величиной электрического переменного тока, протекающего через тело человека, следует считать:;20 мА@False;40 мА@False;60 мА@False;100 мА@True
Требованиям каких нормативно-технических документов должно соответствовать устройство электроустановок?;ПУЭ, ПТЭЭП, МПБЭЭ, ГОСТ, СНиП и других нормативно-технических документов@True;ПУЭ и ГОСТ@False;ПУЭ, ПТЭЭП, МПБЭЭ, ГОСТ и РД@False;ПУЭ, ПТЭЭП, ГОСТ и СНиП@False
У кого должны находиться оперативные схемы электроустановок отдельного участка?;На рабочем месте ответственного за электрохозяйство@False;На рабочем месте оперативного персонала@True;На рабочем месте технического руководителя организации@False;У всех перечисленных должно быть по комплекту схем@False
Что должен сделать работник, заметивший неисправности электроустановки или средств защиты?;Принять меры по устранению неполадок@False;Немедленно сообщить об этом своему непосредственному руководителю, в его отсутствие - вышестоящему руководителю@True;Вызвать ремонтную службу@False;Самостоятельно устранить неисправности@False
Что может быть использовано в качестве естественных заземлителей?;Металлические трубы водопровода, проложенные в земле@True;Трубопроводы канализации@False;Трубопроводы центрального отопления@False;Любые из перечисленных трубопроводов@False
Что называется защитным заземлением?;Преднамеренное электрическое соединение какой-либо точки сети, электроустановки или оборудования с заземляющим устройством@False;Заземление, выполняемое в целях электробезопасности@True;Заземление точки или точек токоведущих частей электроустановки, выполняемое для обеспечения работы электроустановки (не в целях электробезопасности)@False
Что называется рабочим заземлением?;Преднамеренное электрическое соединение какой-либо точки сети, электроустановки или оборудования с заземляющим устройством@False;Заземление, выполняемое в целях электробезопасности@False;Заземление точки или точек токоведущих частей электроустановки, выполняемое для обеспечения работы электроустановки (не в целях электробезопасности)@True
Что необходимо сделать в первую очередь при поражении человека электрическим током?;Позвонить в скорую помощь@False;Произвести отключение электрического тока@True;Оттащить пострадавшего за одежду не менее чем на 8 метров от места касания проводом земли или от оборудования, находящегося под напряжением@False;Приступить к реанимации пострадавшего@False
Что понимается под напряжением прикосновения?;Напряжение между двумя проводящими частями или между проводящей частью и землей при одновременном прикосновении к ним человека или животного@True;Напряжение между двумя точками земли, обусловленное растеканием тока замыкания на землю, при одновременном касании их ногами человека@False;Напряжение, возникающее при протекании тока по проводнику между двумя точками@False;Напряжение между двумя точками на поверхности земли на расстоянии 1 м одна от другой, которое принимается равным длине шага человека@False;Напряжение между двумя точками электрической цепи с разным потенциалом@False
Что понимается под напряжением шага?;Напряжение между двумя проводящими частями или между проводящей частью и землей при одновременном прикосновении к ним человека или животного@False;Напряжение между двумя точками земли, обусловленное растеканием тока замыкания на землю, при одновременном касании их ногами человека@False;Напряжение, возникающее при протекании тока по проводнику между двумя точками@False;Напряжение между двумя точками на поверхности земли на расстоянии 1 м одна от другой, которое принимается равным длине шага человека@True;Напряжение между двумя точками электрической цепи с разным потенциалом@False
